statement ok
USE default

statement ok
DROP TABLE IF EXISTS `05_0003_at_t0`

statement ok
DROP TABLE IF EXISTS `05_0003_at_t1`

statement ok
DROP TABLE IF EXISTS `05_0003_at_t2`

statement ok
DROP TABLE IF EXISTS `05_0003_at_t3`

statement ok
CREATE TABLE `05_0003_at_t0`(a int not null)

statement ok
INSERT INTO TABLE `05_0003_at_t0` values(1)

query I
SELECT * FROM `05_0003_at_t0`
----
1

statement ok
ALTER TABLE `05_0003_at_t0` RENAME TO `05_0003_at_t1`

statement error 1025
ALTER TABLE `05_0003_at_t0` RENAME TO `05_0003_at_t1`

statement ok
ALTER TABLE IF EXISTS `05_0003_at_t0` RENAME TO `05_0003_at_t1`

statement error 1025
DROP TABLE `05_0003_at_t0`

query I
SELECT * FROM `05_0003_at_t1`
----
1

statement error 1005
ALTER TABLE `05_0003_at_t1` RENAME TO system.`05_0003_at_t1`

statement error 1025
ALTER TABLE system.abc drop column c1

statement ok
DROP TABLE IF EXISTS `05_0003_at_t1`

statement ok
CREATE TABLE `05_0003_at_t2`(a int not null, c int not null)

statement ok
INSERT INTO TABLE `05_0003_at_t2` values(1,2)

statement error 1065
ALTER TABLE `05_0003_at_t2` rename column a to a

statement error 1110
ALTER TABLE `05_0003_at_t2` rename column a to _row_id

statement error 1065
ALTER TABLE `05_0003_at_t2` rename column a to c

statement error 1065
ALTER TABLE `05_0003_at_t2` rename column d to e

statement ok
ALTER TABLE `05_0003_at_t2` rename column a to b

query I
SELECT b FROM `05_0003_at_t2`
----
1

statement ok
DROP TABLE IF EXISTS `05_0003_at_t2`

statement ok
set hide_options_in_show_create_table=0

statement ok
CREATE TABLE `05_0003_at_t3`(a int not null, b int not null, c int not null) bloom_index_columns='a,b,c' COMPRESSION='zstd' STORAGE_FORMAT='native'

query TT
SHOW CREATE TABLE `05_0003_at_t3`
----
05_0003_at_t3 CREATE TABLE `05_0003_at_t3` (   `a` INT NOT NULL,   `b` INT NOT NULL,   `c` INT NOT NULL ) ENGINE=FUSE BLOOM_INDEX_COLUMNS='a,b,c' COMPRESSION='zstd' STORAGE_FORMAT='native'

statement ok
ALTER TABLE `05_0003_at_t3` drop column c

query TT
SHOW CREATE TABLE `05_0003_at_t3`
----
05_0003_at_t3 CREATE TABLE `05_0003_at_t3` (   `a` INT NOT NULL,   `b` INT NOT NULL ) ENGINE=FUSE BLOOM_INDEX_COLUMNS='a,b' COMPRESSION='zstd' STORAGE_FORMAT='native'

statement ok
ALTER TABLE `05_0003_at_t3` rename column b to c

query TT
SHOW CREATE TABLE `05_0003_at_t3`
----
05_0003_at_t3 CREATE TABLE `05_0003_at_t3` (   `a` INT NOT NULL,   `c` INT NOT NULL ) ENGINE=FUSE BLOOM_INDEX_COLUMNS='a,c' COMPRESSION='zstd' STORAGE_FORMAT='native'

statement error 1301
ALTER TABLE `05_0003_at_t3` MODIFY COLUMN c decimal(5,2) not null

statement ok
ALTER TABLE `05_0003_at_t3` MODIFY COLUMN c float not null

statement ok
DROP TABLE IF EXISTS `05_0003_at_t3`

statement ok
set hide_options_in_show_create_table=1

statement ok
CREATE TABLE `05_0003_at_t4`(a string not null, b string null, c array(string) null, d tuple(string, string) null) ENGINE=FUSE COMPRESSION='zstd' STORAGE_FORMAT='native'

statement ok
INSERT INTO TABLE `05_0003_at_t4` values('a', 'b', ['c1', 'c2'], ('d1', 'd2'))

query TT
SHOW CREATE TABLE `05_0003_at_t4`
----
05_0003_at_t4 CREATE TABLE `05_0003_at_t4` (   `a` VARCHAR NOT NULL,   `b` VARCHAR NULL,   `c` ARRAY(STRING) NULL,   `d` TUPLE(1 STRING, 2 STRING) NULL ) ENGINE=FUSE

query TTTT
SELECT * FROM `05_0003_at_t4`
----
a b ['c1','c2'] ('d1','d2')

statement ok
ALTER TABLE `05_0003_at_t4` MODIFY COLUMN a binary not null

statement ok
ALTER TABLE `05_0003_at_t4` MODIFY COLUMN b binary null

statement ok
ALTER TABLE `05_0003_at_t4` MODIFY COLUMN c array(binary) null

statement ok
ALTER TABLE `05_0003_at_t4` MODIFY COLUMN d tuple(binary, binary) null

query TT
SHOW CREATE TABLE `05_0003_at_t4`
----
05_0003_at_t4 CREATE TABLE `05_0003_at_t4` (   `a` BINARY NOT NULL,   `b` BINARY NULL,   `c` ARRAY(BINARY) NULL,   `d` TUPLE(1 BINARY, 2 BINARY) NULL ) ENGINE=FUSE

query 
SELECT * FROM `05_0003_at_t4`
----
61 62 [6331,6332] (6431,6432)

statement ok
ALTER TABLE `05_0003_at_t4` MODIFY COLUMN a string not null

statement ok
ALTER TABLE `05_0003_at_t4` MODIFY COLUMN b string null

statement ok
ALTER TABLE `05_0003_at_t4` MODIFY COLUMN c array(string) null

statement ok
ALTER TABLE `05_0003_at_t4` MODIFY COLUMN d tuple(string, string) null

query TT
SHOW CREATE TABLE `05_0003_at_t4`
----
05_0003_at_t4 CREATE TABLE `05_0003_at_t4` (   `a` VARCHAR NOT NULL,   `b` VARCHAR NULL,   `c` ARRAY(STRING) NULL,   `d` TUPLE(1 STRING, 2 STRING) NULL ) ENGINE=FUSE

query TTTT
SELECT * FROM `05_0003_at_t4`
----
a b ['c1','c2'] ('d1','d2')

statement ok
DROP TABLE IF EXISTS `05_0003_at_t4`
