statement ok
drop database if exists test_lateral

statement ok
create database test_lateral

statement ok
use test_lateral

statement ok
create table t(a int)

statement ok
insert into t values(1),(2),(3)

statement ok
create table t1(a int)

statement ok
insert into t1 values(1),(2),(3)

query II
select * from t, lateral(select * from t1 where t1.a = t.a) t2
----
1 1
2 2
3 3

query II
select * from t, lateral(select * from t1 where t1.a != t.a) t2
----
1 3
1 2
2 3
2 1
3 2
3 1

query II
select * from t left join lateral(select * from t1 where t1.a = t.a) t2 on t.a = t2.a
----
1 1
2 2
3 3

query II
select * from t, lateral(select a) t1
----
1 1
2 2
3 3

query II
select * from t, lateral(select unnest([a, a+1, a+2]) as b) t1 order by a, b
----
1 1
1 2
1 3
2 2
2 3
2 4
3 3
3 4
3 5


statement ok
CREATE TABLE user_activities(user_id int, activities variant)

statement ok
INSERT INTO user_activities (user_id, activities) VALUES
    (1, parse_json('["reading", "swimming", "cycling"]')),
    (2, parse_json('["painting", "running"]')),
    (3, parse_json('["cooking", "climbing", "writing"]'))

query IT
SELECT u.user_id, f.value::STRING AS activity FROM
    user_activities u,
    LATERAL FLATTEN(input => u.activities) f
----
1 reading
1 swimming
1 cycling
2 painting
2 running
3 cooking
3 climbing
3 writing

query I
SELECT COUNT(f.value) AS total_activities
FROM user_activities u, LATERAL FLATTEN(input => u.activities) f
----
8

query I
SELECT AVG(activity_count) AS avg_activities_per_user
FROM (
  SELECT u.user_id, COUNT(f.value) AS activity_count
  FROM user_activities u, LATERAL FLATTEN(input => u.activities) f
  GROUP BY u.user_id
) subquery
----
2.6666666666666665

query I
SELECT MAX(activity_count) AS max_activities
FROM (
  SELECT u.user_id, COUNT(f.value) AS activity_count
  FROM user_activities u, LATERAL FLATTEN(input => u.activities) f
  GROUP BY u.user_id
) subquery
----
3

query TI
SELECT f.value::string AS activity, COUNT(DISTINCT u.user_id) AS user_count
FROM user_activities u, LATERAL FLATTEN(input => u.activities) f
GROUP BY f.value ORDER BY activity
----
climbing 1
cooking 1
cycling 1
painting 1
reading 1
running 1
swimming 1
writing 1

statement ok
CREATE TABLE persons(id int, c variant)

statement ok
INSERT INTO persons (id, c) VALUES
    (12712555, '{"name":{"first":"John","last":"Smith"},"contact":[{"business":[{"type":"phone","content":"555-1234"},{"type":"email","content":"j.smith@company.com"}]}]}'),
    (98127771, '{"name":{"first":"Jane","last":"Doe"},"contact":[{"business":[{"type":"phone","content":"555-1236"},{"type":"email","content":"j.doe@company.com"}]}]}')

query ITTT
SELECT id AS "ID", f.value AS "Contact", f1.value:type AS "Type", f1.value:content AS "Details" FROM
    persons p,
    LATERAL FLATTEN(input => p.c, path => 'contact') f,
    LATERAL FLATTEN(input => f.value:business) f1
----
12712555 {"business":[{"content":"555-1234","type":"phone"},{"content":"j.smith@company.com","type":"email"}]} "phone" "555-1234"
12712555 {"business":[{"content":"555-1234","type":"phone"},{"content":"j.smith@company.com","type":"email"}]} "email" "j.smith@company.com"
98127771 {"business":[{"content":"555-1236","type":"phone"},{"content":"j.doe@company.com","type":"email"}]} "phone" "555-1236"
98127771 {"business":[{"content":"555-1236","type":"phone"},{"content":"j.doe@company.com","type":"email"}]} "email" "j.doe@company.com"

query II
SELECT p.id, COUNT(DISTINCT f1.value:type) AS contact_type_count
FROM persons p
, LATERAL FLATTEN(input => p.c:contact) f
, LATERAL FLATTEN(input => f.value:business) f1
GROUP BY p.id ORDER BY p.id
----
12712555 2
98127771 2

query IT
SELECT u.user_id, f.value from
    user_activities u,
    LATERAL unnest(u.activities) f
----
1 "reading"
1 "swimming"
1 "cycling"
2 "painting"
2 "running"
3 "cooking"
3 "climbing"
3 "writing"

statement ok
drop database test_lateral
