statement ok
DROP TABLE IF EXISTS t1

statement ok
CREATE TABLE t1 (lat Float64, lon Float64) ENGINE=Memory

statement ok
INSERT INTO t1 VALUES(55.77922738, 37.63098076), (5.77922738, 7.63098076)

query T
SELECT to_string(st_makegeompoint(lat, lon)) FROM t1
----
POINT(55.77922738 37.63098076)
POINT(5.77922738 7.63098076)

query T
SELECT st_makegeompoint(lat, lon)::String FROM t1
----
POINT(55.77922738 37.63098076)
POINT(5.77922738 7.63098076)

statement ok
DROP TABLE IF EXISTS t1

statement error 1801
CREATE TABLE t1 (a int, g geometry)

statement ok
SET enable_geo_create_table=1

statement ok
CREATE TABLE t1 (a int, g geometry)

statement ok
INSERT INTO t1 VALUES(1, ST_GEOMFROMWKT('POINT(389866.35 5819003.03)', 32633)), (2, ST_GEOMFROMWKT('POINT(4.500212 52.161170)', 4326))

query IT
SELECT a, g FROM t1
----
1 SRID=32633;POINT(389866.35 5819003.03)
2 SRID=4326;POINT(4.500212 52.16117)

#query T
#SELECT ST_TRANSFORM(g, 3857) AS transformed_geom FROM t1
#----
#SRID=3857;POINT(1489140.0937656453 6892872.198680114)
#SRID=3857;POINT(500961.30830177927 6829319.683153116)

statement ok
SET enable_geo_create_table=0

statement ok
DROP TABLE IF EXISTS t1
