query I
select range(10, 20)
----
[10,11,12,13,14,15,16,17,18,19]

statement error
select range(10, 5000000011)

statement ok
DROP DATABASE IF EXISTS array_func_test

statement ok
CREATE DATABASE IF NOT EXISTS array_func_test

statement ok
USE array_func_test

statement ok
DROP TABLE IF EXISTS t

statement ok
create table t(col1 Array(Int Null) not null, col2 Array(String) not null, col3 Array(Date) not null, col4 Array(Timestamp) not null, col5 Array(Array(Int null)) not null)

statement ok
insert into t values([1,2,3,3],['x','x','y','z'], ['2022-02-02'], ['2023-01-01 02:00:01'], [[1,2],[],[null]])

query IIII
select length(col1), length(col2), length(col3), length(col4) from t
----
4 4 1 1

query ITT
select get(col1, 3), get(col2, 2), get(col3, 1) from t
----
3 x 2022-02-02

query TTTT
select slice(col1, 1), slice(col1, 2, 3), slice(col2, 2), slice(col2, 3, 3) from t
----
[1,2,3,3] [2,3] ['x','y','z'] ['y']

query BBB
select contains(col1, 3), contains(col2, 'x'), contains(col3, '2021-01-01') from t
----
1 1 0

query T
select array_concat(col1::Array(VARIANT), col5::Array(VARIANT)) from t
----
['1','2','3','3','[1,2]','[]','[null]']

query T
select array_concat(col4, col3) from t;
----
['2023-01-01 02:00:01.000000','2022-02-02 00:00:00.000000']

query IIIIII
select array_indexof(col1, 2), array_indexof(col1,2), array_indexof(col2,'x'), array_indexof(col3,'2022-02-02'::DATE), array_indexof(col4,'2023-01-01 02:00:02'::TIMESTAMP), array_indexof(col5,[NULL]) from t
----
2 2 1 1 0 3

query I
select array_indexof([1,2,null,2,null], null)
----
3

query TTT
select array_remove_first(col1), array_remove_first(col2), array_remove_first(col3) from t
----
[2,3,3] ['x','y','z'] []

query TTT
select array_remove_last(col1), array_remove_last(col2), array_remove_last(col3) from t
----
[1,2,3] ['x','x','y'] []

query TTT
select array_prepend(0, col1), array_prepend('a', col2), array_prepend('2022-01-01'::DATE, col3) from t
----
[0,1,2,3,3] ['a','x','x','y','z'] ['2022-01-01','2022-02-02']

query TTT
select array_append(col1, 4), array_append(col2, 'z'), array_append(col3, '2022-03-03'::DATE) from t
----
[1,2,3,3,4] ['x','x','y','z','z'] ['2022-02-02','2022-03-03']

query III
select array_unique(col1), array_unique(col2), array_unique(col3) from t
----
3 3 1

query TTT
select array_distinct(col1), array_distinct(col2), array_distinct(col3) from t
----
[1,2,3] ['x','y','z'] ['2022-02-02']

query T
select array_distinct([array_distinct([NULL, NULL])])
----
[[]]

query T
select array_distinct(array_distinct([NULL, NULL]))
----
[]

query T
select array_distinct([null, null, 1, 1])
----
[1]

query I
select array_sum(col1) from t
----
9

query T
select array_avg(col1) from t
----
2.25

query III
select array_count(col1), array_count(col2), array_count(col3) from t
----
4 4 1

query ITT
select array_max(col1), array_max(col2), array_max(col3) from t
----
3 z 2022-02-02

query ITT
select array_min(col1), array_min(col2), array_min(col3) from t
----
1 x 2022-02-02

query ITT
select array_any(col1), array_any(col2), array_any(col3) from t
----
1 x 2022-02-02

query F
select array_stddev_samp(col1) from t
----
0.9574271077563381

query FFF
select array_stddev_pop(col1), array_stddev(col1), array_std(col1) from t
----
0.82915619758885 0.82915619758885 0.82915619758885

query F
select array_median(col1) from t
----
2.5

query II
select array_approx_count_distinct(col1), array_approx_count_distinct(col2) from t
----
3 3

query F
select array_kurtosis(col1) from t
----
-1.2892561983471085

query F
select array_skewness(col1) from t
----
-0.8545630383279711

query III
select array_aggregate(col1, 'max'), array_aggregate(col1, 'min'), array_aggregate(col1, 'sum') from t
----
3 1 9

query III
select array_aggregate(col1, 'max'), array_aggregate(col1, 'min'), array_aggregate(col1, 'sum') from t
----
3 1 9

query TTTTTTTT
select array_sort(col1),array_sort(col2),array_sort(col3),array_sort(col4),array_sort(col5), array_sort([NULL, NULL, NULL]), array_sort([[], [], []]), array_sort([{}, {}, {}]) from t
----
[1,2,3,3] ['x','x','y','z'] ['2022-02-02'] ['2023-01-01 02:00:01.000000'] [[],[NULL],[1,2]] [NULL,NULL,NULL] [[],[],[]] [{},{},{}]

query TTTTT
select array_sort(col1, 'asc', 'NULLS FIRST'),array_sort(col2, 'desc'),array_sort(col3, 'desc', 'nulls last'),array_sort(col4),array_sort(col5, 'DESC', 'NULLS FIRST') from t
----
[1,2,3,3] ['z','y','x','x'] ['2022-02-02'] ['2023-01-01 02:00:01.000000'] [[1,2],[NULL],[]]

statement error 1065
select array_sort(col1, 'asc', 'nulls fir') from t;

statement error 1065
select array_sort(col1, 'asca', 'nulls first') from t;

query T
select array_transform([1, 2, NULL, 3], x -> x + 1)
----
[2,3,NULL,4]

query T
select array_transform(['data', 'a', 'b'], data -> CONCAT(data, 'bend'))
----
['databend','abend','bbend']

query T
select array_apply(array_apply([5, NULL, 6], x -> COALESCE(x, 0) + 1), y -> y + 10)
----
[16,11,17]

query TT
select array_transform(col1, A -> a * 2), array_apply(col2, B -> upper(B)) from t
----
[2,4,6,6] ['X','X','Y','Z']

statement error 1065
select array_transform([1, 2], x -> y + 1)

statement error 1065
select array_transform([1, 2], x -> count(*))

query T
select array_filter([5, -6, NULL, 7], x -> x > 0)
----
[5,7]

query T
select array_filter(['Hello', 'abc World'], x -> x LIKE '%World%');
----
['abc World']

query T
select array_filter(array_filter([2, 4, 3, 1, 20, 10, 3, 30], x -> x % 2 = 0), y -> y % 5 = 0)
----
[20,10,30]

query TT
select array_filter(col1, a -> a % 2 = 1), array_filter(col2, b -> b = 'x') from t
----
[1,3,3] ['x','x']

statement error 1065
select array_filter([1, 2], x -> x + 1)

query TT
select array_flatten( [ [1,2], [3,4] ] ), array_to_string(['open', 'ai'], ' love ');
----
[1,2,3,4]	open love ai

query T
select col1 from t where get(array_transform(col1, x -> x + 1), 1) = 2
----
[1,2,3,3]

query T
select array_reduce([],(x,y)->x+y), array_reduce([null],(x,y)->x+y), array_reduce(null,(x,y)->x+y);
----
[] NULL NULL

query TT
select array_reduce([1,2,3],(x,y)->x+y-1), array_reduce([3,4,5],(x,y)->x-y)
----
4 -6

query T
select array_reduce([1, 2,null], (x,y) -> x + y)
----
NULL

query T
select array_reduce([1.21312,2.21332,3.2213],(x,y)->(x+y))
----
6.64774

query T
select array_reduce(['hello', 'world'], (x,y) -> x || y)
----
helloworld

query T
select array_reduce(col1,(x,y)->x+y+1) from t
----
12

statement ok
create table t1(col1 Array(Int Null) not null, col2 Array(Float Null) not null, col3 Array(Decimal (10,5)Null) not null, col4 Array(String Null) not null)

statement ok
insert into t1 values([1,2,3], [3.1, 5.42, 6.25], [1.1231, 4.131, 6.56], ['hello', 'world', '2024'])

query TTTT
select array_reduce(col1,(x,y)->x+y), array_reduce(col2,(x,y)->x-y), array_reduce(col3,(x,y)->x+y), array_reduce(col4,(x,y)->x||y) from t1
----
6 -8.570000171661377 11.81410 helloworld2024


query IIII
select length(col1), length(col2), length(col3), length(col4) from t
----
4 4 1 1

statement ok
DROP DATABASE array_func_test
