statement ok
DROP DATABASE IF EXISTS db_binary

statement ok
CREATE DATABASE db_binary

statement ok
USE db_binary

statement ok
CREATE TABLE IF NOT EXISTS t1(id Int, v binary) Engine = Fuse

statement ok
INSERT INTO t1 (id, v) VALUES(1, to_binary('aaa')),(2, from_hex('616161')),(3, from_base64('YWFh'))

statement ok
INSERT INTO t1 (id, v) VALUES(4, 'aaa')

query IT
SELECT id, v FROM t1 order by id
----
1 616161
2 616161
3 616161
4 616161

statement ok
ALTER TABLE t1 MODIFY COLUMN v string

query IT
SELECT id, v FROM t1 order by id
----
1 aaa
2 aaa
3 aaa
4 aaa

statement ok
ALTER TABLE t1 MODIFY COLUMN v binary

query IT
SELECT id, v FROM t1 order by id
----
1 616161
2 616161
3 616161
4 616161

statement ok
DROP DATABASE db_binary
