statement ok
DROP DATABASE IF EXISTS db_bitmap

statement ok
CREATE DATABASE db_bitmap

statement ok
USE db_bitmap

statement ok
CREATE TABLE IF NOT EXISTS t1(id Int, v Bitmap) Engine = Fuse

statement ok
INSERT INTO t1 (id, v) VALUES(1, to_bitmap('0, 1')),(2, to_bitmap('1, 2')),(3, to_bitmap('3, 4'))

statement ok
INSERT INTO t1 (id, v) VALUES(4, '5, 6'),(5, '7, 8'),(6, '9, 10')

query IT
SELECT id, to_string(v) FROM t1 order by id
----
1 0,1
2 1,2
3 3,4
4 5,6
5 7,8
6 9,10

statement ok
CREATE TABLE IF NOT EXISTS t2(a int not null, b bitmap not null) Engine = Fuse

statement error 1006
insert into t2 (a) values (1),(2);

statement ok
insert into t2 (a,b) values (1,to_bitmap('0')),(2,to_bitmap('1'));

query IT
SELECT a, to_string(b) FROM t2
----
1 0
2 1

statement ok
DROP DATABASE db_bitmap
