statement ok
DROP DATABASE IF EXISTS db_09_0009_01

statement ok
CREATE DATABASE db_09_0009_01

statement ok
USE db_09_0009_01

statement ok
create table t(a UInt64 not null, b Int64 not null)

statement ok
insert into t values (1,2), (3,4)

statement ok
insert into t values (5,6)

statement ok
insert into t values (7,8)

query II
select * from t where a in (1, 2, 3, 4) order by a
----
1 2
3 4

statement ok
DROP TABLE t

statement ok
create table t1(a UInt64 not null, b Int64 not null)

statement ok
insert into t1 values (1,2), (3,4)

statement ok
alter table t1 drop column a;

statement ok
alter table t1 add column a int not null;

query II
select * from t1 where a = 0 order by b;
----
2 0
4 0

statement ok
insert into t1 values (5,6), (7,8)

query II
select * from t1 where a = 6 order by b;
----
5 6

statement ok
CREATE TABLE t2(a int not null, b int not null, c int not null) bloom_index_columns='a,b,c'

statement ok
INSERT INTO TABLE t2 values(1,2,3),(4,5,6)

statement ok
ALTER TABLE t2 drop column c

statement ok
INSERT INTO TABLE t2 values(7,8)

statement ok
ALTER TABLE t2 rename column b to c

statement ok
INSERT INTO TABLE t2 values(9,10)

query II
SELECT * FROM t2 ORDER BY a
----
1 2
4 5
7 8
9 10

query I
SELECT a FROM t2 where a = 3
----


statement ok
DROP TABLE t1

statement ok
DROP TABLE t2

statement ok
DROP DATABASE db_09_0009_01
